,urlkey,timestamp,url,mime,mime-detected,status,digest,length,offset,filename,languages,encoding
0,"com,reddit)/r/dataisbeautiful/.compact",20200129054212,https://www.reddit.com/r/dataisbeautiful/.compact,text/html,application/xhtml+xml,200,GOGFJOVZZ72S7FPLMSTENVGOCRNL33WC,13683,1044579833,crawl-data/CC-MAIN-2020-05/segments/1579251788528.85/warc/CC-MAIN-20200129041149-20200129071149-00251.warc.gz,eng,UTF-8
1,"com,reddit)/r/dataisbeautiful/comments/3k3if4/hi_im_mike_bostock_creator_of_d3js_and_a_former",20200122151850,https://www.reddit.com/r/dataisbeautiful/comments/3k3if4/hi_im_mike_bostock_creator_of_d3js_and_a_former/,text/html,text/html,200,YOPH6D2JZL2H22OKMFDLTZWRD5STSBNM,82496,1057642892,crawl-data/CC-MAIN-2020-05/segments/1579250607118.51/warc/CC-MAIN-20200122131612-20200122160612-00082.warc.gz,eng,UTF-8
2,"com,reddit)/r/dataisbeautiful/comments/6ymuo3/a_study_found_that_on_twitter_the_left_and_right",20200119184641,https://www.reddit.com/r/dataisbeautiful/comments/6ymuo3/a_study_found_that_on_twitter_the_left_and_right/,text/html,text/html,200,6KDL3PZPUMIWDBTY3HHK737U23VCGRBA,89567,1072821606,crawl-data/CC-MAIN-2020-05/segments/1579250594705.17/warc/CC-MAIN-20200119180644-20200119204644-00469.warc.gz,eng,UTF-8
3,"com,reddit)/r/dataisbeautiful/comments/d9zqzi/path_of_the_sun_over_the_uk_on_the_summer",20200126014121,https://www.reddit.com/r/dataisbeautiful/comments/d9zqzi/path_of_the_sun_over_the_uk_on_the_summer/,text/html,text/html,200,XFRTQ2KKEBAWYAYQK3QOYWYHGOYRPDAQ,59437,1063484608,crawl-data/CC-MAIN-2020-05/segments/1579251684146.65/warc/CC-MAIN-20200126013015-20200126043015-00096.warc.gz,eng,UTF-8
4,"com,reddit)/r/dataisbeautiful/comments/dlwfbf/oc_speed_of_sound?ref=share&ref_source=embed",20200127191928,https://www.reddit.com/r/dataisbeautiful/comments/dlwfbf/oc_speed_of_sound/?ref_source=embed&ref=share,text/html,text/html,200,LLFIIIK2THCG6QPP6U3IM5YQZGNRPDB3,56535,1047453824,crawl-data/CC-MAIN-2020-05/segments/1579251705142.94/warc/CC-MAIN-20200127174507-20200127204507-00253.warc.gz,eng,UTF-8
5,"com,reddit)/r/dataisbeautiful/comments/dm3wje/origins_of_the_names_of_the_elements_oc/f4ytejm",20200128170022,https://www.reddit.com/r/dataisbeautiful/comments/dm3wje/origins_of_the_names_of_the_elements_oc/f4ytejm/,text/html,text/html,200,DCQPTRDVFJ3KH5LJ5LZ525EXJGCBEAGA,21289,1055359919,crawl-data/CC-MAIN-2020-05/segments/1579251779833.86/warc/CC-MAIN-20200128153713-20200128183713-00352.warc.gz,eng,UTF-8
6,"com,reddit)/r/dataisbeautiful/comments/dz482u/were_survey_research_methodologists_based_in",20200126074629,https://www.reddit.com/r/dataisbeautiful/comments/dz482u/were_survey_research_methodologists_based_in/,text/html,text/html,200,RW7SJKSLNP663KM4R7OYEBGLEGNNZEBX,20393,1047931844,crawl-data/CC-MAIN-2020-05/segments/1579251687958.71/warc/CC-MAIN-20200126074227-20200126104227-00078.warc.gz,eng,UTF-8
7,"com,reddit)/r/dataisbeautiful/comments/e1kg7t/visualization_of_sleeping_patterns_in_a_newborns",20200117223649,https://www.reddit.com/r/dataisbeautiful/comments/e1kg7t/visualization_of_sleeping_patterns_in_a_newborns/,text/html,text/html,200,GFVKI6G67QVVABLW2RF7CRBVITMKBMEO,33320,1045410157,crawl-data/CC-MAIN-2020-05/segments/1579250591234.15/warc/CC-MAIN-20200117205732-20200117233732-00189.warc.gz,eng,UTF-8
8,"com,reddit)/r/dataisbeautiful/comments/e2zv4w/i_wrote_a_python_script_that_generates_a_geo",20200128200117,https://www.reddit.com/r/dataisbeautiful/comments/e2zv4w/i_wrote_a_python_script_that_generates_a_geo/,text/html,text/html,200,X6HRRYGSG3CNPJE7DU6QJZLT6FYPIYNN,59119,1057531009,crawl-data/CC-MAIN-2020-05/segments/1579251783000.84/warc/CC-MAIN-20200128184745-20200128214745-00280.warc.gz,eng,UTF-8
9,"com,reddit)/r/dataisbeautiful/comments/e7squa/battle_dataviz_battle_for_the_month_of_december",20200125175357,https://www.reddit.com/r/dataisbeautiful/comments/e7squa/battle_dataviz_battle_for_the_month_of_december/,text/html,text/html,200,VLH7ONJXQGKZJ7TQSIZW7RU52SQGAVY3,29333,1059495049,crawl-data/CC-MAIN-2020-05/segments/1579251678287.60/warc/CC-MAIN-20200125161753-20200125190753-00513.warc.gz,eng,UTF-8
10,"com,reddit)/r/dataisbeautiful/comments/e9ymhg/i_grew_97_different_types_of_broccoli_this_summer",20200121104229,https://www.reddit.com/r/dataisbeautiful/comments/e9ymhg/i_grew_97_different_types_of_broccoli_this_summer/,text/html,text/html,200,5T5Y4IFEQR5ZGRDROEZ3E2VSRFS3B64J,82117,1053748254,crawl-data/CC-MAIN-2020-05/segments/1579250603761.28/warc/CC-MAIN-20200121103642-20200121132642-00157.warc.gz,eng,UTF-8
11,"com,reddit)/r/dataisbeautiful/comments/eaudmf/oc_compare_your_favorite_music_artists_headtohead",20200123133406,https://www.reddit.com/r/dataisbeautiful/comments/eaudmf/oc_compare_your_favorite_music_artists_headtohead/,text/html,text/html,200,EDFSGU75WD2WSYAY44QRYGIGJUTKBSSW,26913,1030692084,crawl-data/CC-MAIN-2020-05/segments/1579250610919.33/warc/CC-MAIN-20200123131001-20200123160001-00385.warc.gz,eng,UTF-8
12,"com,reddit)/r/dataisbeautiful/comments/ecqh4f/oc_historical_presidential_impeachment_votes_in",20200122193905,https://www.reddit.com/r/dataisbeautiful/comments/ecqh4f/oc_historical_presidential_impeachment_votes_in/,text/html,text/html,200,ETSNBXMEPGMRRUEUUFZLFWKKWBGTXLF5,70209,1040506931,crawl-data/CC-MAIN-2020-05/segments/1579250607407.48/warc/CC-MAIN-20200122191620-20200122220620-00082.warc.gz,eng,UTF-8
13,"com,reddit)/r/dataisbeautiful/comments/eekhkm/inspired_by_a_christmas_quiz_question_the_12",20200122132354,https://www.reddit.com/r/dataisbeautiful/comments/eekhkm/inspired_by_a_christmas_quiz_question_the_12/,text/html,text/html,200,DZDO4ZX4UK3IHEOXTXTRVXEAKDJ4RS7B,22992,1067772620,crawl-data/CC-MAIN-2020-05/segments/1579250607118.51/warc/CC-MAIN-20200122131612-20200122160612-00248.warc.gz,eng,UTF-8
14,"com,reddit)/r/dataisbeautiful/comments/ejfra9/oc_someone_argued_with_me_if_this_winter_was",20200119072825,https://www.reddit.com/r/dataisbeautiful/comments/ejfra9/oc_someone_argued_with_me_if_this_winter_was/,text/html,text/html,200,SKOCPWUAXUHAIFZ2AIFFIVA6DN6QNH6C,22039,1058567042,crawl-data/CC-MAIN-2020-05/segments/1579250594333.5/warc/CC-MAIN-20200119064802-20200119092802-00345.warc.gz,eng,UTF-8
15,"com,reddit)/r/dataisbeautiful/comments/ejhw7w/area_of_land_burnt_in_australia_and_area_of_smoke",20200122083916,https://www.reddit.com/r/dataisbeautiful/comments/ejhw7w/area_of_land_burnt_in_australia_and_area_of_smoke/,text/html,text/html,200,OSHAGJVOVICM6UTJDCVYNDKGV7OQSGFR,89739,1044412462,crawl-data/CC-MAIN-2020-05/segments/1579250606872.19/warc/CC-MAIN-20200122071919-20200122100919-00341.warc.gz,eng,UTF-8
16,"com,reddit)/r/dataisbeautiful/comments/ek1b7z/area_of_land_burnt_in_australia_compared_to_the",20200122163146,https://www.reddit.com/r/dataisbeautiful/comments/ek1b7z/area_of_land_burnt_in_australia_compared_to_the/,text/html,text/html,200,RDL4ZD7PBRDY5KOCKCXPB7EGZCRBOSTQ,78722,1056122769,crawl-data/CC-MAIN-2020-05/segments/1579250607314.32/warc/CC-MAIN-20200122161553-20200122190553-00291.warc.gz,eng,UTF-8
17,"com,reddit)/r/dataisbeautiful/comments/ektmvr/worldwar3_oc",20200124041317,https://www.reddit.com/r/dataisbeautiful/comments/ektmvr/worldwar3_oc/,text/html,text/html,200,V2TMYABPLI47LML3K4NYW2NGPF7T3KMJ,33787,1049255173,crawl-data/CC-MAIN-2020-05/segments/1579250615407.46/warc/CC-MAIN-20200124040939-20200124065939-00266.warc.gz,eng,UTF-8
18,"com,reddit)/r/dataisbeautiful/comments/el95ww/britains_electricity_generation_mix_over_the_last",20200123011846,https://www.reddit.com/r/dataisbeautiful/comments/el95ww/britains_electricity_generation_mix_over_the_last/,text/html,text/html,200,WPYBQNKQVA7GIIGMXR6YWX5CHKVPORJQ,82677,1047172056,crawl-data/CC-MAIN-2020-05/segments/1579250608062.57/warc/CC-MAIN-20200123011418-20200123040418-00012.warc.gz,eng,UTF-8
19,"com,reddit)/r/dataisbeautiful/comments/elc8yg/leonardo_dicaprio_refuses_to_date_a_woman_his_age?utm_medium=ios_app&utm_name=iossmf&utm_source=share",20200121235617,https://www.reddit.com/r/dataisbeautiful/comments/elc8yg/leonardo_dicaprio_refuses_to_date_a_woman_his_age/?utm_source=share&utm_medium=ios_app&utm_name=iossmf,text/html,text/html,200,DZ2DRMZAWFLEK5LQ6CCJ5OPYQPTVODQ6,89419,1064447520,crawl-data/CC-MAIN-2020-05/segments/1579250606226.29/warc/CC-MAIN-20200121222429-20200122011429-00441.warc.gz,eng,UTF-8
20,"com,reddit)/r/dataisbeautiful/comments/ema7pi/good_tv_shows_with_bad_endings_oc",20200121055750,https://www.reddit.com/r/dataisbeautiful/comments/ema7pi/good_tv_shows_with_bad_endings_oc/,text/html,text/html,200,GU74MPE2NXCB2GG45JKRGWIMQIDDNWQ6,74602,1033996165,crawl-data/CC-MAIN-2020-05/segments/1579250601615.66/warc/CC-MAIN-20200121044233-20200121073233-00044.warc.gz,eng,UTF-8
21,"com,reddit)/r/dataisbeautiful/comments/emf32a/oc_the_earth_seen_from_geostationary_orbit_at_4",20200123205630,https://www.reddit.com/r/dataisbeautiful/comments/emf32a/oc_the_earth_seen_from_geostationary_orbit_at_4/,text/html,text/html,200,6473VDGLLWJI5YMB2YMRYYZQ2NZGZB43,68932,1061117934,crawl-data/CC-MAIN-2020-05/segments/1579250613416.54/warc/CC-MAIN-20200123191130-20200123220130-00543.warc.gz,eng,UTF-8
22,"com,reddit)/r/dataisbeautiful/comments/enthrr/oc_plot_of_the_age_of_the_oldest_known_living/fe6c3xp",20200129022747,https://www.reddit.com/r/dataisbeautiful/comments/enthrr/oc_plot_of_the_age_of_the_oldest_known_living/fe6c3xp/,text/html,text/html,200,2CDBDENTKFRL3PSMPGPAW4MW23P34OII,25384,1012746343,crawl-data/CC-MAIN-2020-05/segments/1579251783621.89/warc/CC-MAIN-20200129010251-20200129040251-00474.warc.gz,eng,UTF-8
23,"com,reddit)/r/dataisbeautiful/comments/eo2as7/oc_i_tracked_my_life_for_almost_a_year",20200126061005,https://www.reddit.com/r/dataisbeautiful/comments/eo2as7/oc_i_tracked_my_life_for_almost_a_year/,text/html,text/html,200,WAFQCO2LM2WQXXURDAVIQUQNY27CJVUH,72941,1046096784,crawl-data/CC-MAIN-2020-05/segments/1579251687725.76/warc/CC-MAIN-20200126043644-20200126073644-00066.warc.gz,eng,UTF-8
24,"com,reddit)/r/dataisbeautiful/comments/eo3vpl/topicopen_open_discussion_monday_anybody_can_post",20200125170722,https://www.reddit.com/r/dataisbeautiful/comments/eo3vpl/topicopen_open_discussion_monday_anybody_can_post/,text/html,text/html,200,6OLMSLYKWY3ME6MHAOWMJGS6QE4F4CDA,35391,1040507177,crawl-data/CC-MAIN-2020-05/segments/1579251678287.60/warc/CC-MAIN-20200125161753-20200125190753-00441.warc.gz,eng,UTF-8
25,"com,reddit)/r/dataisbeautiful/comments/eo6nrr/oc_every_county_ive_ever_been_to_im_a_nerd_and",20200126061745,https://www.reddit.com/r/dataisbeautiful/comments/eo6nrr/oc_every_county_ive_ever_been_to_im_a_nerd_and/,text/html,text/html,200,N2EF2X3YUOBARAR6R3XJ7TKQUZFFN7NX,69278,1069699845,crawl-data/CC-MAIN-2020-05/segments/1579251687725.76/warc/CC-MAIN-20200126043644-20200126073644-00354.warc.gz,eng,UTF-8
26,"com,reddit)/r/dataisbeautiful/comments/eo70lb/oc_my_geo_heatmap_since_2010_its_been_a_decade",20200126064609,https://www.reddit.com/r/dataisbeautiful/comments/eo70lb/oc_my_geo_heatmap_since_2010_its_been_a_decade/,text/html,text/html,200,FOL6UW7PQB5HBQJWABAYXPIOQIZV5TFQ,25575,1048195789,crawl-data/CC-MAIN-2020-05/segments/1579251687725.76/warc/CC-MAIN-20200126043644-20200126073644-00248.warc.gz,eng,UTF-8
27,"com,reddit)/r/dataisbeautiful/comments/eogzzs/spending_for_two_people_travelling_around_india",20200126051505,https://www.reddit.com/r/dataisbeautiful/comments/eogzzs/spending_for_two_people_travelling_around_india/,text/html,text/html,200,LNFHDXE2M3UH3IM2WRLGHX4RNTSHQZAX,24654,1048841206,crawl-data/CC-MAIN-2020-05/segments/1579251687725.76/warc/CC-MAIN-20200126043644-20200126073644-00491.warc.gz,eng,UTF-8
28,"com,reddit)/r/dataisbeautiful/comments/eojoay/monthly_global_temperature_between_1850_and_2019",20200117191500,https://www.reddit.com/r/dataisbeautiful/comments/eojoay/monthly_global_temperature_between_1850_and_2019/,text/html,text/html,200,X2QVQQAHR2HLRPNFXORVEB2VSFAMLHBP,89694,1060941038,crawl-data/CC-MAIN-2020-05/segments/1579250590107.3/warc/CC-MAIN-20200117180950-20200117204950-00429.warc.gz,eng,UTF-8
29,"com,reddit)/r/dataisbeautiful/comments/eojoay/monthly_global_temperature_between_1850_and_2019",20200129002459,https://www.reddit.com/r/dataisbeautiful/comments/eojoay/monthly_global_temperature_between_1850_and_2019/,text/html,text/html,200,MDP6KTM722I2PMXYK26D526MCNC6U6QJ,89322,996435187,crawl-data/CC-MAIN-2020-05/segments/1579251783342.96/warc/CC-MAIN-20200128215526-20200129005526-00429.warc.gz,eng,UTF-8
30,"com,reddit)/r/dataisbeautiful/comments/eojoay/monthly_global_temperature_between_1850_and_2019",20200129221004,https://www.reddit.com/r/dataisbeautiful/comments/eojoay/monthly_global_temperature_between_1850_and_2019/,text/html,text/html,200,262QBX7HGB7FDPHAIGYM62DWDCD3AT3C,89675,1052879691,crawl-data/CC-MAIN-2020-05/segments/1579251802249.87/warc/CC-MAIN-20200129194333-20200129223333-00429.warc.gz,eng,UTF-8
31,"com,reddit)/r/dataisbeautiful/comments/eojoay/monthly_global_temperature_between_1850_and_2019/.compact",20200129042036,https://www.reddit.com/r/dataisbeautiful/comments/eojoay/monthly_global_temperature_between_1850_and_2019/.compact,text/html,application/xhtml+xml,200,RL4EJDCRMIW4V5OB47VY6BZCR7N5JOSH,55095,1025727735,crawl-data/CC-MAIN-2020-05/segments/1579251788528.85/warc/CC-MAIN-20200129041149-20200129071149-00034.warc.gz,eng,UTF-8
32,"com,reddit)/r/dataisbeautiful/comments/eojqz4/the_ideal_male_length_range_according_to_my",20200126053306,https://www.reddit.com/r/dataisbeautiful/comments/eojqz4/the_ideal_male_length_range_according_to_my/,text/html,text/html,200,VMVK6BYIMIDORSCBT6LXCZM7PKO5MD6E,32967,1047706468,crawl-data/CC-MAIN-2020-05/segments/1579251687725.76/warc/CC-MAIN-20200126043644-20200126073644-00044.warc.gz,eng,UTF-8
33,"com,reddit)/r/dataisbeautiful/comments/eok9ur/oc_every_municipality_in_belgium_ive_been_in",20200126053220,https://www.reddit.com/r/dataisbeautiful/comments/eok9ur/oc_every_municipality_in_belgium_ive_been_in/,text/html,text/html,200,NLUWBYMRKRQZOU5E35QXZ2FDEMQCAQ42,22074,1042257263,crawl-data/CC-MAIN-2020-05/segments/1579251687725.76/warc/CC-MAIN-20200126043644-20200126073644-00539.warc.gz,eng,UTF-8
34,"com,reddit)/r/dataisbeautiful/comments/eokx31/increase_of_global_temperature_knitted_on_a",20200126064200,https://www.reddit.com/r/dataisbeautiful/comments/eokx31/increase_of_global_temperature_knitted_on_a/,text/html,text/html,200,53L4HZNJLG4FTN2RBQQXBR7D7KZEJYQH,30140,1071652632,crawl-data/CC-MAIN-2020-05/segments/1579251687725.76/warc/CC-MAIN-20200126043644-20200126073644-00509.warc.gz,eng,UTF-8
35,"com,reddit)/r/dataisbeautiful/comments/eol8e0/oc_top_15_irans_trading_partners_and_their_trade",20200126055718,https://www.reddit.com/r/dataisbeautiful/comments/eol8e0/oc_top_15_irans_trading_partners_and_their_trade/,text/html,text/html,200,ZPT2GJHMUYM2T62BK5E3BCX3ASEXF3TE,22349,1064758965,crawl-data/CC-MAIN-2020-05/segments/1579251687725.76/warc/CC-MAIN-20200126043644-20200126073644-00413.warc.gz,eng,UTF-8
36,"com,reddit)/r/dataisbeautiful/comments/eonz6t/oc_sun_and_moon_passing_through_ecliptic_in_2020",20200126064936,https://www.reddit.com/r/dataisbeautiful/comments/eonz6t/oc_sun_and_moon_passing_through_ecliptic_in_2020/,text/html,text/html,200,RZ6YGHRFA26RVRCSAVCKXRRW3KCO3GMI,21052,1055623477,crawl-data/CC-MAIN-2020-05/segments/1579251687725.76/warc/CC-MAIN-20200126043644-20200126073644-00073.warc.gz,eng,UTF-8
37,"com,reddit)/r/dataisbeautiful/comments/eooj0n/amount_of_nwords_in_kanye_west_albums_oc",20200126054901,https://www.reddit.com/r/dataisbeautiful/comments/eooj0n/amount_of_nwords_in_kanye_west_albums_oc/,text/html,text/html,200,AYJNKCVLA5MJKPCDFUOLPMOW2I4K5TKR,22794,1069160809,crawl-data/CC-MAIN-2020-05/segments/1579251687725.76/warc/CC-MAIN-20200126043644-20200126073644-00295.warc.gz,eng,UTF-8
38,"com,reddit)/r/dataisbeautiful/comments/eoovr1/oc_state_infant_mortality_rates_in_the_united",20200126053422,https://www.reddit.com/r/dataisbeautiful/comments/eoovr1/oc_state_infant_mortality_rates_in_the_united/,text/html,text/html,200,2MJY2BQDCIDAGTRGEAN54OEH3GBWPJMO,28176,1040091091,crawl-data/CC-MAIN-2020-05/segments/1579251687725.76/warc/CC-MAIN-20200126043644-20200126073644-00378.warc.gz,eng,UTF-8
39,"com,reddit)/r/dataisbeautiful/comments/eoq50r/sleepless_nights_as_a_parent_oc",20200126054602,https://www.reddit.com/r/dataisbeautiful/comments/eoq50r/sleepless_nights_as_a_parent_oc/,text/html,text/html,200,AJT3HJB22RF5P4QIGX52T5CPB3LTDNTE,24498,1042000730,crawl-data/CC-MAIN-2020-05/segments/1579251687725.76/warc/CC-MAIN-20200126043644-20200126073644-00534.warc.gz,eng,UTF-8
40,"com,reddit)/r/dataisbeautiful/comments/eoq8wr/oc_tracking_my_happiness_in_2019",20200126052917,https://www.reddit.com/r/dataisbeautiful/comments/eoq8wr/oc_tracking_my_happiness_in_2019/,text/html,text/html,200,CHVV2OIYTK6ACD3YJK6SJM5ZPTMUAZLY,21523,1053787104,crawl-data/CC-MAIN-2020-05/segments/1579251687725.76/warc/CC-MAIN-20200126043644-20200126073644-00511.warc.gz,eng,UTF-8
41,"com,reddit)/r/dataisbeautiful/comments/eordca/difficult_achievements_space_vs_sailing_vs",20200126043950,https://www.reddit.com/r/dataisbeautiful/comments/eordca/difficult_achievements_space_vs_sailing_vs/,text/html,text/html,200,HV5TSUZPGPW5RLRUBCM3RDBNSUR5CM3Z,75322,1052448476,crawl-data/CC-MAIN-2020-05/segments/1579251687725.76/warc/CC-MAIN-20200126043644-20200126073644-00133.warc.gz,eng,UTF-8
42,"com,reddit)/r/dataisbeautiful/comments/eos3bp/top_20_football_clubs_by_revenue_oc",20200126044628,https://www.reddit.com/r/dataisbeautiful/comments/eos3bp/top_20_football_clubs_by_revenue_oc/,text/html,text/html,200,45TEIRV6R5WUNWZZSJ7MM33I3AAJUVKH,21835,1039758055,crawl-data/CC-MAIN-2020-05/segments/1579251687725.76/warc/CC-MAIN-20200126043644-20200126073644-00175.warc.gz,eng,UTF-8
43,"com,reddit)/r/dataisbeautiful/comments/eos5mh/nba_salaries_vs_the_salary_cap_oc",20200126065521,https://www.reddit.com/r/dataisbeautiful/comments/eos5mh/nba_salaries_vs_the_salary_cap_oc/,text/html,text/html,200,RPHINKFCOYDP6WT4SANQS2QVHH2M4CD4,21046,1048470953,crawl-data/CC-MAIN-2020-05/segments/1579251687725.76/warc/CC-MAIN-20200126043644-20200126073644-00071.warc.gz,eng,UTF-8
44,"com,reddit)/r/dataisbeautiful/comments/ep0l6b/50_best_selling_albums_worldwide_oc",20200124143725,https://www.reddit.com/r/dataisbeautiful/comments/ep0l6b/50_best_selling_albums_worldwide_oc/,text/html,text/html,200,P7F37QQ6FVWFD746ZTIFJUZISDABOZY3,87826,1041702639,crawl-data/CC-MAIN-2020-05/segments/1579250620381.59/warc/CC-MAIN-20200124130719-20200124155719-00035.warc.gz,eng,UTF-8
45,"com,reddit)/r/dataisbeautiful/search?q=author:automoderator+title:""battle+for+the+month+of""&restrict_sr=on&sort=new",20200125012312,https://www.reddit.com/r/dataisbeautiful/search?q=author%3AAutoModerator+title%3A%22Battle+for+the+month+of%22&sort=new&restrict_sr=on,text/html,text/html,200,VJGQXPTETHA5PFNEZTWXBLO6FTGMQ6RF,21922,1053341721,crawl-data/CC-MAIN-2020-05/segments/1579250628549.43/warc/CC-MAIN-20200125011232-20200125040232-00375.warc.gz,eng,UTF-8
46,"com,reddit)/r/dataisbeautiful/wiki/rules/rule9",20200125164739,https://www.reddit.com/r/dataisbeautiful/wiki/rules/rule9,text/html,text/html,200,MSTYTP7QOJ5NOJ2SVSMP445RRVIIZ5NA,17672,1032167599,crawl-data/CC-MAIN-2020-05/segments/1579251678287.60/warc/CC-MAIN-20200125161753-20200125190753-00428.warc.gz,eng,UTF-8
47,"com,reddit)/r/dataisbeautiful/comments/3k3if4/hi_im_mike_bostock_creator_of_d3js_and_a_former",20201126104255,https://www.reddit.com/r/dataisbeautiful/comments/3k3if4/hi_im_mike_bostock_creator_of_d3js_and_a_former/,text/html,text/html,200,N3WY4L22TZKFCQH6WCMCW3QV32JJ444G,83526,827757144,crawl-data/CC-MAIN-2020-50/segments/1606141187753.32/warc/CC-MAIN-20201126084625-20201126114625-00562.warc.gz,eng,UTF-8
48,"com,reddit)/r/dataisbeautiful/comments/3z051j/how_much_in_taxes_do_us_tech_companies_pay_yearly",20201127095935,https://www.reddit.com/r/dataisbeautiful/comments/3z051j/how_much_in_taxes_do_us_tech_companies_pay_yearly/,text/html,text/html,200,JM7H73Y5H72TGJ63ZMYAJQBWL3NYDSYL,68664,828825555,crawl-data/CC-MAIN-2020-50/segments/1606141191511.46/warc/CC-MAIN-20201127073750-20201127103750-00256.warc.gz,eng,UTF-8
49,"com,reddit)/r/dataisbeautiful/comments/3zd9kd/half_the_population_of_australia_2011_oc",20201205182640,https://www.reddit.com/r/dataisbeautiful/comments/3zd9kd/half_the_population_of_australia_2011_oc/,text/html,text/html,200,YHHTXP6RQCXUJMB6J4RXGVXBRMVTQIJD,78889,803725731,crawl-data/CC-MAIN-2020-50/segments/1606141748276.94/warc/CC-MAIN-20201205165649-20201205195649-00052.warc.gz,eng,UTF-8
50,"com,reddit)/r/dataisbeautiful/comments/5cau0v/how_the_election_map_would_have_looked_if_all_100?compact=true&utm_source=ifttt",20201125113755,https://www.reddit.com/r/dataisbeautiful/comments/5cau0v/how_the_election_map_would_have_looked_if_all_100/?utm_source=ifttt&compact=true,text/html,text/html,200,FV6R25ROOSGTAERZBCMDR2EBEN5YHCES,22527,845050564,crawl-data/CC-MAIN-2020-50/segments/1606141182776.11/warc/CC-MAIN-20201125100409-20201125130409-00425.warc.gz,eng,UTF-8
51,"com,reddit)/r/dataisbeautiful/comments/5edszl/service_assurance_oss_bss_consulting",20201205190628,https://www.reddit.com/r/dataisbeautiful/comments/5edszl/service_assurance_oss_bss_consulting/,text/html,text/html,200,FODKQCPYOURUG6LH4IZ7F7LEWYY5IO4A,21602,815660233,crawl-data/CC-MAIN-2020-50/segments/1606141748276.94/warc/CC-MAIN-20201205165649-20201205195649-00567.warc.gz,eng,UTF-8
52,"com,reddit)/r/dataisbeautiful/comments/5lm0i6/heat_map_of_sat_scores_in_nyc_oc",20201205155831,https://www.reddit.com/r/dataisbeautiful/comments/5lm0i6/heat_map_of_sat_scores_in_nyc_oc/,text/html,text/html,200,FRMIISNEC25HZGNYRJDODWVXEHMD5XU3,72262,813604252,crawl-data/CC-MAIN-2020-50/segments/1606141747887.95/warc/CC-MAIN-20201205135106-20201205165106-00470.warc.gz,eng,UTF-8
53,"com,reddit)/r/dataisbeautiful/comments/6mtrfd/world_map_showing_countryadjective_suffixes_in",20201205184145,https://www.reddit.com/r/dataisbeautiful/comments/6mtrfd/world_map_showing_countryadjective_suffixes_in/,text/html,text/html,200,AAKGQLDI5XDDVUMKUVW5J4VKEFW474AN,33991,801155008,crawl-data/CC-MAIN-2020-50/segments/1606141748276.94/warc/CC-MAIN-20201205165649-20201205195649-00245.warc.gz,eng,UTF-8
54,"com,reddit)/r/dataisbeautiful/comments/6vythg/i_redid_my_perceptions_of_probability_and_numbers?sh=d8909ce1&st=jdfne19p",20201204211959,https://www.reddit.com/r/dataisbeautiful/comments/6vythg/i_redid_my_perceptions_of_probability_and_numbers/?st=jdfne19p&sh=d8909ce1,text/html,text/html,200,IWQTYBZGXHY7GCYMHEJYZTUXFSF2GPH3,25775,808654668,crawl-data/CC-MAIN-2020-50/segments/1606141743438.76/warc/CC-MAIN-20201204193220-20201204223220-00457.warc.gz,eng,UTF-8
55,"com,reddit)/r/dataisbeautiful/comments/bd829a/oc_top_10_countries_by_military_spending_1990_2017",20201129175454,https://www.reddit.com/r/dataisbeautiful/comments/bd829a/oc_top_10_countries_by_military_spending_1990_2017/,text/html,text/html,200,AOX4U3WAI2TJXFFU2X3VDDBAEIMW2OX2,37025,803161289,crawl-data/CC-MAIN-2020-50/segments/1606141201836.36/warc/CC-MAIN-20201129153900-20201129183900-00016.warc.gz,eng,UTF-8
56,"com,reddit)/r/dataisbeautiful/comments/crpg1y/pay_gap_in_the_most_common_professions_for_women?ref=share&ref_source=link",20201124185028,https://www.reddit.com/r/dataisbeautiful/comments/crpg1y/pay_gap_in_the_most_common_professions_for_women/?ref=share&ref_source=link,text/html,text/html,200,VCUB63KRALBPYJAV6B2BFDYOGPDFIPRK,38797,852249144,crawl-data/CC-MAIN-2020-50/segments/1606141176922.14/warc/CC-MAIN-20201124170142-20201124200142-00179.warc.gz,eng,UTF-8
57,"com,reddit)/r/dataisbeautiful/comments/cynql1/moores_law_graphed_vs_real_cpus_gpus_1965_2019_oc",20201201003748,https://www.reddit.com/r/dataisbeautiful/comments/cynql1/moores_law_graphed_vs_real_cpus_gpus_1965_2019_oc/,text/html,text/html,200,DR7MAURZMYTSYRXPCLJ74QZXX2GJIYQ4,90890,820246072,crawl-data/CC-MAIN-2020-50/segments/1606141515751.74/warc/CC-MAIN-20201130222609-20201201012609-00664.warc.gz,eng,UTF-8
58,"com,reddit)/r/dataisbeautiful/comments/dcrwq2/try_to_impeach_this_a_redesign_of_the_nowinfamous",20201125010748,https://www.reddit.com/r/dataisbeautiful/comments/dcrwq2/try_to_impeach_this_a_redesign_of_the_nowinfamous/,text/html,text/html,200,VUA5FP6JH6VL3JYF42IQGG4UJVUP3RE5,91198,840221630,crawl-data/CC-MAIN-2020-50/segments/1606141177607.13/warc/CC-MAIN-20201124224124-20201125014124-00179.warc.gz,eng,UTF-8
59,"com,reddit)/r/dataisbeautiful/comments/drhfwj/relative_rotation_rates_and_axial_tilts_of_the",20201202200448,https://www.reddit.com/r/dataisbeautiful/comments/drhfwj/relative_rotation_rates_and_axial_tilts_of_the/,text/html,text/html,200,WLLXTMPVI6WBFEDYNJE43D2CSZPE5FMG,84280,815058667,crawl-data/CC-MAIN-2020-50/segments/1606141715252.96/warc/CC-MAIN-20201202175113-20201202205113-00030.warc.gz,eng,UTF-8
60,"com,reddit)/r/dataisbeautiful/comments/dz4wlj/we_are_survey_methodologists_and_were_here_to",20201203081940,https://www.reddit.com/r/dataisbeautiful/comments/dz4wlj/we_are_survey_methodologists_and_were_here_to/,text/html,text/html,200,FXZU772IODGHOMDZXSBCZ3W3OJ6MK67C,44827,773887415,crawl-data/CC-MAIN-2020-50/segments/1606141723602.80/warc/CC-MAIN-20201203062440-20201203092440-00487.warc.gz,eng,UTF-8
61,"com,reddit)/r/dataisbeautiful/comments/e257go/announcing_a_moratorium_on_racing_bar_charts",20201124161315,https://www.reddit.com/r/dataisbeautiful/comments/e257go/announcing_a_moratorium_on_racing_bar_charts/,text/html,text/html,200,NCYLNZGGPROQWLIYRGDWCHSQXUTIQ46F,28592,846405612,crawl-data/CC-MAIN-2020-50/segments/1606141176864.5/warc/CC-MAIN-20201124140942-20201124170942-00397.warc.gz,eng,UTF-8
62,"com,reddit)/r/dataisbeautiful/comments/fvfsbf/oc_its_not_just_the_flu_ii_comparing_weekly/fmi3ep8?ref=tokendaily",20201203210537,https://www.reddit.com/r/dataisbeautiful/comments/fvfsbf/oc_its_not_just_the_flu_ii_comparing_weekly/fmi3ep8/?ref=tokendaily,text/html,text/html,200,6DTP5F4N54XM435EZQZJUZ22IA2XHI4D,26972,827371746,crawl-data/CC-MAIN-2020-50/segments/1606141732696.67/warc/CC-MAIN-20201203190021-20201203220021-00248.warc.gz,eng,UTF-8
63,"com,reddit)/r/dataisbeautiful/comments/fxq2aj/the_recent_drop_in_us_pneumonia_deaths_is",20201123193824,https://www.reddit.com/r/dataisbeautiful/comments/fxq2aj/the_recent_drop_in_us_pneumonia_deaths_is/,text/html,text/html,200,GX3F3GX2ZJYJBT6LPZFR4IETYWULS5AO,26790,855518160,crawl-data/CC-MAIN-2020-50/segments/1606141164142.1/warc/CC-MAIN-20201123182720-20201123212720-00253.warc.gz,eng,UTF-8
64,"com,reddit)/r/dataisbeautiful/comments/gq1731/oc_top_10_foreign_aid_receiving_countries_aid",20201125140332,https://www.reddit.com/r/dataisbeautiful/comments/gq1731/oc_top_10_foreign_aid_receiving_countries_aid/,text/html,text/html,200,J7KVVY3335UASAT4IIVUCU76C2NLJP22,30247,828523892,crawl-data/CC-MAIN-2020-50/segments/1606141182794.28/warc/CC-MAIN-20201125125427-20201125155427-00386.warc.gz,eng,UTF-8
65,"com,reddit)/r/dataisbeautiful/comments/gzjvwx/african_countries_people_can_name_from_memory_oc",20201201035013,https://www.reddit.com/r/dataisbeautiful/comments/gzjvwx/african_countries_people_can_name_from_memory_oc/,text/html,text/html,200,7274WF54XFUSABQH2VVEQVTA6PEP3QNC,82720,816383180,crawl-data/CC-MAIN-2020-50/segments/1606141542358.71/warc/CC-MAIN-20201201013119-20201201043119-00413.warc.gz,eng,UTF-8
66,"com,reddit)/r/dataisbeautiful/comments/hml6v8/arctic_sea_ice_volume_and_extent_june_2020_oc",20201125232444,https://www.reddit.com/r/dataisbeautiful/comments/hml6v8/arctic_sea_ice_volume_and_extent_june_2020_oc/,text/html,text/html,200,QFFBKNQRVV3OSYEP72BRKT5AEU2SXFO3,73253,835631751,crawl-data/CC-MAIN-2020-50/segments/1606141184870.26/warc/CC-MAIN-20201125213038-20201126003038-00159.warc.gz,eng,UTF-8
67,"com,reddit)/r/dataisbeautiful/comments/hrjvv0/oc_us_countylevel_map_of_approximate_active_cases",20201203075544,https://www.reddit.com/r/dataisbeautiful/comments/hrjvv0/oc_us_countylevel_map_of_approximate_active_cases/,text/html,text/html,200,75H3CDZJR4MPJDK4KOGJQDMDSUB7G36Q,87877,767442578,crawl-data/CC-MAIN-2020-50/segments/1606141723602.80/warc/CC-MAIN-20201203062440-20201203092440-00554.warc.gz,eng,UTF-8
68,"com,reddit)/r/dataisbeautiful/comments/imofg3/oc_recapping_a_rocky_week_in_the_stock_market",20201201184810,https://www.reddit.com/r/dataisbeautiful/comments/imofg3/oc_recapping_a_rocky_week_in_the_stock_market/,text/html,text/html,200,46UKNKIM4DCKVPRDJQ5F3323EU4H6UPF,31403,831021452,crawl-data/CC-MAIN-2020-50/segments/1606141681209.60/warc/CC-MAIN-20201201170219-20201201200219-00558.warc.gz,eng,UTF-8
69,"com,reddit)/r/dataisbeautiful/comments/iqplrb/ratings_of_disney_animated_classics_vs_live",20201126043126,https://www.reddit.com/r/dataisbeautiful/comments/iqplrb/ratings_of_disney_animated_classics_vs_live/,text/html,text/html,200,WW3C6RZKGUVL2Q46G5IIKYLOCVM2ONKN,93549,814795624,crawl-data/CC-MAIN-2020-50/segments/1606141186414.7/warc/CC-MAIN-20201126030729-20201126060729-00101.warc.gz,eng,UTF-8
70,"com,reddit)/r/dataisbeautiful/comments/iqplrb/ratings_of_disney_animated_classics_vs_live/.compact",20201126051020,https://www.reddit.com/r/dataisbeautiful/comments/iqplrb/ratings_of_disney_animated_classics_vs_live/.compact,text/html,application/xhtml+xml,200,DHMH43TKCU7SFWSRXVZ5NXBRBG5SFOE4,57137,819253831,crawl-data/CC-MAIN-2020-50/segments/1606141186414.7/warc/CC-MAIN-20201126030729-20201126060729-00362.warc.gz,eng,UTF-8
71,"com,reddit)/r/dataisbeautiful/comments/iwznym/oc_visualizing_the_200000_covid19_deaths_in_the",20201127232114,https://www.reddit.com/r/dataisbeautiful/comments/iwznym/oc_visualizing_the_200000_covid19_deaths_in_the/,text/html,text/html,200,FA4BS7DDRHNT2P6ROOUWQKVY57TLPHD2,34910,823555612,crawl-data/CC-MAIN-2020-50/segments/1606141194634.29/warc/CC-MAIN-20201127221446-20201128011446-00504.warc.gz,eng,UTF-8
72,"com,reddit)/r/dataisbeautiful/comments/j4hjbs/oc_evolution_of_music_industry_visualized_revenue",20201130044426,https://www.reddit.com/r/dataisbeautiful/comments/j4hjbs/oc_evolution_of_music_industry_visualized_revenue/,text/html,text/html,200,JPG2SEGE2ZSNOAI22DP4ASRBMABNSWDQ,86514,838391157,crawl-data/CC-MAIN-2020-50/segments/1606141205147.57/warc/CC-MAIN-20201130035203-20201130065203-00657.warc.gz,eng,UTF-8
73,"com,reddit)/r/dataisbeautiful/comments/j7pj62/oc_one_hour_of_active_satellites_orbiting_earth",20201125225153,https://www.reddit.com/r/dataisbeautiful/comments/j7pj62/oc_one_hour_of_active_satellites_orbiting_earth/,text/html,text/html,200,LWWVRSIRVCDATAQHPYGX5PE6BR5SM2H2,93026,827606868,crawl-data/CC-MAIN-2020-50/segments/1606141184870.26/warc/CC-MAIN-20201125213038-20201126003038-00500.warc.gz,eng,UTF-8
74,"com,reddit)/r/dataisbeautiful/comments/j8pvv5/oc_this_isnt_dataporn_but_were_at_a_historic",20201127040724,https://www.reddit.com/r/dataisbeautiful/comments/j8pvv5/oc_this_isnt_dataporn_but_were_at_a_historic/,text/html,text/html,200,Y5XCHYWSQTM4TREW7CFHSJ5XW4GO47CB,28801,814646917,crawl-data/CC-MAIN-2020-50/segments/1606141189038.24/warc/CC-MAIN-20201127015426-20201127045426-00686.warc.gz,eng,UTF-8
75,"com,reddit)/r/dataisbeautiful/comments/jad2fm/daily_polar_sea_ice_area_with_monthly_ice_extent",20201203072852,https://www.reddit.com/r/dataisbeautiful/comments/jad2fm/daily_polar_sea_ice_area_with_monthly_ice_extent/,text/html,text/html,200,IIY6JF7K6VJSKJKLGRI73DNLH6VGQLWI,82013,770497121,crawl-data/CC-MAIN-2020-50/segments/1606141723602.80/warc/CC-MAIN-20201203062440-20201203092440-00415.warc.gz,eng,UTF-8
76,"com,reddit)/r/dataisbeautiful/comments/jbjt00/length_of_day_as_the_year_progresses_for_each",20201130045642,https://www.reddit.com/r/dataisbeautiful/comments/jbjt00/length_of_day_as_the_year_progresses_for_each/,text/html,text/html,200,NQ53GVOQ6I5RIMUKLP7FMF2GSFYNRTTY,74019,827109689,crawl-data/CC-MAIN-2020-50/segments/1606141205147.57/warc/CC-MAIN-20201130035203-20201130065203-00213.warc.gz,eng,UTF-8
77,"com,reddit)/r/dataisbeautiful/comments/jgkms1/animating_the_mercator_projection_to_correct_size",20201203015515,https://www.reddit.com/r/dataisbeautiful/comments/jgkms1/animating_the_mercator_projection_to_correct_size/,text/html,text/html,200,S2ZQELW4UU4MRZ3XG2KXXEEOQCKC5RRV,79501,564691535,crawl-data/CC-MAIN-2020-50/segments/1606141717601.66/warc/CC-MAIN-20201203000447-20201203030447-00369.warc.gz,eng,UTF-8
78,"com,reddit)/r/dataisbeautiful/comments/jgx7t2/oc_fun_fact_19_of_58_us_presidents_39_havent_been",20201127034242,https://www.reddit.com/r/dataisbeautiful/comments/jgx7t2/oc_fun_fact_19_of_58_us_presidents_39_havent_been/,text/html,text/html,200,FV4MST4ELRCCV6EIR3RTJTIQGRBYHY5N,40053,835741005,crawl-data/CC-MAIN-2020-50/segments/1606141189038.24/warc/CC-MAIN-20201127015426-20201127045426-00685.warc.gz,eng,UTF-8
79,"com,reddit)/r/dataisbeautiful/comments/jihrg3/ocmachining_a_technicolor_mt_rainier_contour_map",20201202131921,https://www.reddit.com/r/dataisbeautiful/comments/jihrg3/ocmachining_a_technicolor_mt_rainier_contour_map/,text/html,text/html,200,OHEHITWBESOPBX5EWO6NZKHJJQB2WGRW,69119,742169138,crawl-data/CC-MAIN-2020-50/segments/1606141708017.73/warc/CC-MAIN-20201202113815-20201202143815-00590.warc.gz,eng,UTF-8
80,"com,reddit)/r/dataisbeautiful/comments/jjmz0o/oc_percentage_of_total_covid19_cases_that_are?utm_medium=android_app&utm_source=share",20201127183006,https://www.reddit.com/r/dataisbeautiful/comments/jjmz0o/oc_percentage_of_total_covid19_cases_that_are/?utm_medium=android_app&utm_source=share,text/html,text/html,200,AVW7KOQYBGZCUGPEKMA7OZV2SRKKBA2D,87287,830492718,crawl-data/CC-MAIN-2020-50/segments/1606141193856.40/warc/CC-MAIN-20201127161801-20201127191801-00453.warc.gz,eng,UTF-8
81,"com,reddit)/r/dataisbeautiful/comments/jkadd0/oc_distribution_of_emotions_during_the",20201201144834,https://www.reddit.com/r/dataisbeautiful/comments/jkadd0/oc_distribution_of_emotions_during_the/,text/html,text/html,200,7KCGT2YCDRMDTEKJ6QDJSBA4PDLQVV4I,85531,816456143,crawl-data/CC-MAIN-2020-50/segments/1606141674594.59/warc/CC-MAIN-20201201135627-20201201165627-00483.warc.gz,eng,UTF-8
82,"com,reddit)/r/dataisbeautiful/comments/jmyrcj/most_followed_twitter_accounts_as_of_oct_29th",20201123201253,https://www.reddit.com/r/dataisbeautiful/comments/jmyrcj/most_followed_twitter_accounts_as_of_oct_29th/,text/html,text/html,200,OLWLUKUWB5BCV2EDNXUE6HBIAES5A6G6,77057,826317833,crawl-data/CC-MAIN-2020-50/segments/1606141164142.1/warc/CC-MAIN-20201123182720-20201123212720-00039.warc.gz,eng,UTF-8
83,"com,reddit)/r/dataisbeautiful/comments/jogujo/oc_votes_numbers_for_trump_biden_and_west_follow",20201126024611,https://www.reddit.com/r/dataisbeautiful/comments/jogujo/oc_votes_numbers_for_trump_biden_and_west_follow/,text/html,text/html,200,NXXQ3RON56DX4JYU4763UJMZ237EJAC2,87517,811847440,crawl-data/CC-MAIN-2020-50/segments/1606141185851.16/warc/CC-MAIN-20201126001926-20201126031926-00286.warc.gz,eng,UTF-8
84,"com,reddit)/r/dataisbeautiful/comments/jq8eso/oc_major_and_great_earthquakes_19502020",20201127042135,https://www.reddit.com/r/dataisbeautiful/comments/jq8eso/oc_major_and_great_earthquakes_19502020/,text/html,text/html,200,3BAP7QRMTOKMUN32PCMDWK363NKYZH3C,23942,824449556,crawl-data/CC-MAIN-2020-50/segments/1606141189038.24/warc/CC-MAIN-20201127015426-20201127045426-00022.warc.gz,eng,UTF-8
85,"com,reddit)/r/dataisbeautiful/comments/jq9629/there_are_400_trees_for_every_human_on_earth_oc",20201127042524,https://www.reddit.com/r/dataisbeautiful/comments/jq9629/there_are_400_trees_for_every_human_on_earth_oc/,text/html,text/html,200,DEITAACVLCLPXJFXG2KRPXGM3MP2OCGS,58412,831219178,crawl-data/CC-MAIN-2020-50/segments/1606141189038.24/warc/CC-MAIN-20201127015426-20201127045426-00252.warc.gz,eng,UTF-8
86,"com,reddit)/r/dataisbeautiful/comments/jvct0n/relationship_between_the_queens_gambit_and_learn",20201201054317,https://www.reddit.com/r/dataisbeautiful/comments/jvct0n/relationship_between_the_queens_gambit_and_learn/,text/html,text/html,200,BG5W5XTDRGDLV7MIAX3HG5LTZ35IN2GU,75573,783118952,crawl-data/CC-MAIN-2020-50/segments/1606141652107.52/warc/CC-MAIN-20201201043603-20201201073603-00335.warc.gz,eng,UTF-8
87,"com,reddit)/r/dataisbeautiful/comments/jyiwuq/oc_uihatetheletterf_is_a_mad_lad",20201201002035,https://www.reddit.com/r/dataisbeautiful/comments/jyiwuq/oc_uihatetheletterf_is_a_mad_lad/,text/html,text/html,200,ILOUBVF7TCRMVPEP26FUBOZK6XBUJUMW,79072,825801509,crawl-data/CC-MAIN-2020-50/segments/1606141515751.74/warc/CC-MAIN-20201130222609-20201201012609-00042.warc.gz,eng,UTF-8
88,"com,reddit)/r/dataisbeautiful/comments/jyiwuq/oc_uihatetheletterf_is_a_mad_lad",20201201013944,https://www.reddit.com/r/dataisbeautiful/comments/jyiwuq/oc_uihatetheletterf_is_a_mad_lad/,text/html,text/html,200,ZPI4PIHG7GHGJ4ZDKBTM5B2OTTQSPMXX,79157,799294723,crawl-data/CC-MAIN-2020-50/segments/1606141542358.71/warc/CC-MAIN-20201201013119-20201201043119-00042.warc.gz,eng,UTF-8
89,"com,reddit)/r/dataisbeautiful/duplicates/iqplrb/ratings_of_disney_animated_classics_vs_live/.compact",20201126043430,https://www.reddit.com/r/dataisbeautiful/duplicates/iqplrb/ratings_of_disney_animated_classics_vs_live/.compact,text/html,application/xhtml+xml,200,F7EOHHWV6Y7TKH54ZFPF3WUAL4D6WCGL,6900,805792989,crawl-data/CC-MAIN-2020-50/segments/1606141186414.7/warc/CC-MAIN-20201126030729-20201126060729-00622.warc.gz,"eng,zho,rus",UTF-8
